USE Cinema;

-- ***********************************
-- INSERTANDO DATOS
SET NOCOUNT ON;

INSERT INTO Movie.Genero 
VALUES  (28, 'Action'),
		(12, 'Adventure'),
		(16, 'Animation'),
		(35, 'Comedy'),
		(80, 'Crime'),
		(99, 'Documentary'),
		(18, 'Drama'),
		(10751, 'Family'),
		(14, 'Fantasy'),
		(36, 'History'),
		(27, 'Horror'),
		(10402, 'Music'),
		(9648, 'Mystery'),
		(10749, 'Romance'),
		(878, 'Science Fiction'),
		(10770, 'TV Movie'),
		(53, 'Thriller'),
		(10752, 'War'),
		(37, 'Western')
;

INSERT INTO Movie.Reparto
VALUES (1610940,'Lewis Tan'),
		(136347,'Jessica McNamee'),
		(189230,'Josh Lawson'),
		(13275,'Tadanobu Asano'),
		(51684,'Mehcad Brooks'),
		(28846,'Alexander Skarsgård'),
		(1356210,'Millie Bobby Brown'),
		(15556,'Rebecca Hall'),
		(226366,'Brian Tyree Henry'),
		(46364,'Shun Oguri'),
		(59410,'Bob Odenkirk'),
		(113332,'Aleksey Serebryakov'),
		(935,'Connie Nielsen'),
		(1062,'Christopher Lloyd'),
		(11086,'Michael Ironside'),
		(880,'Ben Affleck'),
		(73968,'Henry Cavill'),
		(90633,'Gal Gadot'),
		(117642,'Jason Momoa'),
		(132157,'Ezra Miller'),
		(84223,'Anna Kendrick'),
		(18307,'Daniel Dae Kim'),
		(1080969,'Shamier Anderson'),
		(3051,'Toni Collette'),
		(71580,'Benedict Cumberbatch'),
		(17817,'Merab Ninidze'),
		(993774,'Rachel Brosnahan'),
		(1498158,'Jessie Buckley'),
		(1252814,'Angus Wright'),
		(527393,'Dylan OBrien'),
		(1202689,'Jessica Henwick'),
		(12132,'Michael Rooker'),
		(1231108,'Dan Ewing'),
		(1767250,'Ariana Greenblatt'),
		(3896,'Liam Neeson'),
		(26723,'Katheryn Winnick'),
		(589722,'Teresa Ruiz'),
		(937009,'Juan Pablo Raba'),
		(85419,'Dylan Kenin'),
		(55536,'Melissa McCarthy'),
		(6944,'Octavia Spencer'),
		(23532,'Jason Bateman'),
		(21127,'Bobby Cannavale'),
		(139820,'Pom Klementieff'),
		(3910,'Frances McDormand'),
		(11064,'David Strathairn'),
		(2241214,'Linda May'),
		(2776341,'Swankie'),
		(2786070,'Gay DeForest')
;

INSERT INTO Movie.Movie
VALUES	(460465, 'Mortal Kombat', 'Washed-up MMA fighter Cole Young, unaware of his heritage, and hunted by Emperor Shang Tsungs best warrior, Sub-Zero, seeks out and trains with Earths greatest champions as he prepares to stand against the enemies of Outworld in a high stakes battle for the universe.', '2021-04-07', '8.1', '4901.131'),
		(399566, 'Godzilla vs. Kong', 'In a time when monsters walk the Earth, humanity’s fight for its future sets Godzilla and Kong on a collision course that will see the two most powerful forces of nature on the planet collide in a spectacular battle for the ages.', '2021-03-24', '8.2', '4853.228'),
		(615457, 'Nobody', 'Hutch Mansell, a suburban dad, overlooked husband, nothing neighbor — a "nobody." When two thieves break into his home one night, Hutchs unknown long-simmering rage is ignited and propels him on a brutal path that will uncover dark secrets he fought to leave behind.', '2021-03-18', '8.5', '2703.802'),
		(791373, 'Zack Snyders Justice League', 'Determined to ensure Supermans ultimate sacrifice was not in vain, Bruce Wayne aligns forces with Diana Prince with plans to recruit a team of metahumans to protect the world from an approaching threat of catastrophic proportions.', '2021-03-18', '8.5', '2788.708'),
		(559581, 'Stowaway', 'A three-person crew on a mission to Mars faces an impossible choice when an unplanned passenger jeopardizes the lives of everyone on board.', '2021-04-22', '6.4', '138.557'),
		(522241, 'The Courier', 'Cold War spy Greville Wynne and his Russian source try to put an end to the Cuban Missile Crisis.', '2021-03-18', '6.8', '100.847'),
		(590223, 'Love and Monsters', 'Seven years since the Monsterpocalypse began, Joel Dawson has been living underground in order to survive. But after reconnecting over radio with his high school girlfriend Aimee, Joel decides to venture out to reunite with her, despite all the dangerous monsters that stand in his way.', '2020-10-16', '7.4', '316.921'),
		(634528, 'The Marksman', 'Jim Hanson’s quiet life is suddenly disturbed by two people crossing the US/Mexico border – a woman and her young son – desperate to flee a Mexican cartel. After a shootout leaves the mother dead, Jim becomes the boy’s reluctant defender. He embraces his role as Miguel’s protector and will stop at nothing to get him to safety, as they go on the run from the relentless assassins.', '2021-01-15', '7.1', '2579.794'),
		(615678, 'Thunder Force', 'In a world where supervillains are commonplace, two estranged childhood best friends reunite after one devises a treatment that gives them powers to protect their city.', '2021-04-09', '5.8', '2875.332'),
		(581734, 'Nomadland', 'A woman in her sixties embarks on a journey through the western United States after losing everything in the Great Recession, living as a van-dwelling modern-day nomad.', '2021-01-29', '7.5', '269.722')
;

INSERT INTO Movie.Empresa
VALUES	(76907, 'Atomic Monster'),
		(8000, 'Broken Road Productions'),
		(12, 'New Line Cinema'),
		(174, 'Warner Bros. Pictures'),
		(2806, 'South Australian Film Corporation'),
		(13033, 'NetherRealm Studios'),
		(923, 'Legendary Pictures'),
		(33, 'Universal Pictures'),
		(121470, '87North Productions'),
		(86647, 'Odenkirk Provissiero Entertainment'),
		(123230, 'Eighty Two Films'),
		(114152, 'The Stone Quarry'),
		(507, 'Atlas Entertainment'),
		(9993, 'DC Entertainment'),
		(103376, 'Access Entertainment'),
		(444, 'Dune Entertainment'),
		(128064, 'DC Films'),
		(429, 'DC Comics'),
		(106786, 'RainMaker Films'),
		(75355, 'Yale Productions'),
		(20037, 'Augenschein Filmproduktion'),
		(151756, 'Black Canopy Films'),
		(94107, 'MMC Movies'),
		(107513, 'Phiphen Pictures'),
		(100870, 'RISE PICTURES'),
		(11341, 'Stage 6 Films'),
		(12142, 'XYZ Films'),
		(92346, 'SunnyMarch'),
		(84988, '42'),
		(7493, 'FilmNation Entertainment'),
		(2575, '21 Laps Entertainment'),
		(96540, 'Paramount Players'),
		(746, 'MTV Films'),
		(13785, 'Aurum Producciones'),
		(4, 'Paramount'),
		(80292, 'Sculptor Media'),
		(5357, 'Zero Gravity Management'),
		(145068, 'Azil Films'),
		(94694, 'Cutting Edge Group'),
		(145546, 'Raven Capital Management'),
		(145547, 'Stonehouse Motion Pictures'),
		(6626, 'Voltage Pictures'),
		(10427, 'Open Road Films'),
		(137972, 'Briarcliff Entertainment'),
		(2527, 'Marc Platt Productions'),
		(87017, 'On the Day'),
		(114776, 'Cor Cordium Productions'),
		(114777, 'Hear/Say Productions'),
		(96168, 'Highwayman Films')
;

INSERT INTO Movie.FG_MovieGenero
VALUES (460465, 14),
		(460465, 28),
		(399566, 28),
		(399566, 878),
		(615457, 28),
		(615457, 53),
		(791373, 28),
		(791373, 12),
		(559581, 18),
		(559581, 878),
		(522241, 18),
		(522241, 53),
		(590223, 35),
		(590223, 28),
		(634528, 28),
		(634528, 53),
		(615678, 28),
		(615678, 12),
		(581734, 18),
		(581734, 37)
;


INSERT INTO [Movie].[FG_MovieEmpresa]
VALUES	(460465, 76907),
		(460465, 8000),
		(460465, 12),
		(460465, 174),
		(460465, 2806),
		(460465, 13033),
		(399566, 174),
		(399566, 923),
		(615457, 33),
		(615457, 121470),
		(615457, 86647),
		(615457, 123230),
		(791373, 174),
		(791373, 114152),
		(791373, 507),
		(791373, 9993),
		(791373, 103376),
		(791373, 444),
		(791373, 128064),
		(791373, 429),
		(559581, 106786),
		(559581, 75355),
		(559581, 20037),
		(559581, 151756),
		(559581, 94107),
		(559581, 107513),
		(559581, 100870),
		(559581, 11341),
		(559581, 12142),
		(522241, 92346),
		(522241, 84988),
		(522241, 7493),
		(590223, 2575),
		(590223, 96540),
		(590223, 746),
		(590223, 13785),
		(590223, 4),
		(634528, 80292),
		(634528, 5357),
		(634528, 145068),
		(634528, 94694),
		(634528, 145546),
		(634528, 145547),
		(634528, 6626),
		(634528, 10427),
		(634528, 137972),
		(615678, 2527),
		(615678, 87017),
		(581734, 114776),
		(581734, 114777),
		(581734, 96168)
;

INSERT INTO [Movie].[FG_MovieReparto]
VALUES (460465, 1610940, 'Acting', 'Cole Young'),
		(460465, 136347, 'Acting', 'Sonya Blade'),
		(460465, 189230, 'Acting', 'Kano'),
		(460465, 13275, 'Acting', 'Lord Raiden'),
		(460465, 51684, 'Acting', 'Jackson Jax Briggs'),
		(399566, 28846, 'Acting', 'Dr. Nathan Lind'),
		(399566, 1356210, 'Acting', 'Madison Russell'),
		(399566, 15556, 'Acting', 'Dr. Ilene Andrews'),
		(399566, 226366, 'Acting', 'Bernie Hayes'),
		(399566, 46364, 'Acting', 'Ren Serizawa'),
		(615457, 59410, 'Acting', 'Hutch Mansell'),
		(615457, 113332, 'Acting', 'Yulian Kuznetsov'),
		(615457, 935, 'Acting', 'Becca Mansell'),
		(615457, 1062, 'Acting', 'David Mansell'),
		(615457, 11086, 'Acting', 'Eddie Williams'),
		(791373, 880, 'Acting', 'Bruce Wayne / Batman'),
		(791373, 73968, 'Acting', 'Clark Kent / Superman / Kal-El'),
		(791373, 90633, 'Acting', 'Diana Prince / Wonder Woman'),
		(791373, 117642, 'Acting', 'Arthur Curry / Aquaman'),
		(791373, 132157, 'Acting', 'Barry Allen / The Flash'),
		(559581, 84223, 'Acting', 'Zoe Levenson'),
		(559581, 18307, 'Acting', 'David Kim'),
		(559581, 1080969, 'Acting', 'Michael Adams'),
		(559581, 3051, 'Acting', 'Marina Barnett'),
		(522241, 71580, 'Acting', 'Greville Wynne'),
		(522241, 17817, 'Acting', 'Oleg Penkovsky'),
		(522241, 993774, 'Acting', 'Emily Donovan'),
		(522241, 1498158, 'Acting', 'Sheila Wynne'),
		(522241, 1252814, 'Acting', 'Dickie Franks'),
		(590223, 527393, 'Acting', 'Joel Dawson'),
		(590223, 1202689, 'Acting', 'Aimee'),
		(590223, 12132, 'Acting', 'Clyde'),
		(590223, 1231108, 'Acting', 'Cap'),
		(590223, 1767250, 'Acting', 'Minnow'),
		(634528, 3896, 'Acting', 'Jim'),
		(634528, 26723, 'Acting', 'Sarah'),
		(634528, 589722, 'Acting', 'Rosa'),
		(634528, 937009, 'Acting', 'Maurico'),
		(634528, 85419, 'Acting', 'Randall'),
		(615678, 55536, 'Acting', 'Lydia Berman'),
		(615678, 6944, 'Acting', 'Emily Stanton'),
		(615678, 23532, 'Acting', 'The Crab'),
		(615678, 21127, 'Acting', 'The King'),
		(615678, 139820, 'Acting', 'Laser'),
		(581734, 3910, 'Acting', 'Fern'),
		(581734, 11064, 'Acting', 'Dave'),
		(581734, 2241214, 'Acting', 'Linda'),
		(581734, 2776341, 'Acting', 'Swankie'),
		(581734, 2786070, 'Acting', 'Gay')
;